<cacti>	
	<hash_020102c3c059f0637873ea6f3b8cea09b70239>
		<name>OLT ZTE Template</name>
		<graph_templates></graph_templates>
		<data_queries>hash_040102d56c0b688dbc70e6230fb966b3660413</data_queries>
	</hash_020102c3c059f0637873ea6f3b8cea09b70239>
	<hash_040102d56c0b688dbc70e6230fb966b3660413>
		<name>ZTE ONT - Traffic statistics</name>
		<description>ZTE ONT Interface statistics</description>
		<xml_path>&lt;path_cacti&gt;/resource/snmp_queries/zte_ont.xml</xml_path>
		<data_input_id>hash_030102bf566c869ac6443b0c75d1c32b5a350e</data_input_id>
		<graphs>
			<hash_11010278492a1f737ffafdb6c62ad42f3660fb>
				<graph_template_id>hash_000102f0b611760405f4adac504e14b4a402ee</graph_template_id>
				<name>Interface - Unicast Packets</name>
				<rrd>
					<item_000>
						<snmp_field_name>ifInUcastPkts</snmp_field_name>
						<data_template_id>hash_0101022f654f7d69ac71a5d56b1db8543ccad3</data_template_id>
						<data_template_rrd_id>hash_080102636672962b5bb2f31d86985e2ab4bdfe</data_template_rrd_id>
					</item_000>
					<item_001>
						<snmp_field_name>ifOutUcastPkts</snmp_field_name>
						<data_template_id>hash_0101022f654f7d69ac71a5d56b1db8543ccad3</data_template_id>
						<data_template_rrd_id>hash_08010218ce92c125a236a190ee9dd948f56268</data_template_rrd_id>
					</item_001>
				</rrd>
				<sv_graph>
					<hash_120102f153391923f6566cc09f6ff453c6563f>
						<field_name>title</field_name>
						<sequence>2</sequence>
						<text>|host_description| - Unicast Packets - |query_ifDescr|</text>
					</hash_120102f153391923f6566cc09f6ff453c6563f>
				</sv_graph>
				<sv_data_source>
					<hash_13010235e61959c42129bd015cece274800193>
						<field_name>name</field_name>
						<data_template_id>hash_0101022f654f7d69ac71a5d56b1db8543ccad3</data_template_id>
						<sequence>2</sequence>
						<text>|host_description| - Unicast Packets - |query_ifDescr|</text>
					</hash_13010235e61959c42129bd015cece274800193>
				</sv_data_source>
			</hash_11010278492a1f737ffafdb6c62ad42f3660fb>
			<hash_1101028b6f81f4e8676e66ad129fdbc8e9a8ee>
				<graph_template_id>hash_0001023898c3f5669c819eb67ff7c0641f9645</graph_template_id>
				<name>Interface - Traffic (bits/sec, 95th Percentile)</name>
				<rrd>
					<item_000>
						<snmp_field_name>ifInOctetsIPv4</snmp_field_name>
						<data_template_id>hash_0101026632e1e0b58a565c135d7ff90440c335</data_template_id>
						<data_template_rrd_id>hash_0801022df25c57022b0c7e7d0be4c035ada1a0</data_template_rrd_id>
					</item_000>
					<item_001>
						<snmp_field_name>ifOutOctetsIPv4</snmp_field_name>
						<data_template_id>hash_0101026632e1e0b58a565c135d7ff90440c335</data_template_id>
						<data_template_rrd_id>hash_080102721c0794526d1ac1c359f27dc56faa49</data_template_rrd_id>
					</item_001>
				</rrd>
				<sv_graph>
					<hash_1201022e46d426557bd8e8445c54b9722d0828>
						<field_name>title</field_name>
						<sequence>3</sequence>
						<text>|host_description| - Traffic - |query_ifOnu| - |query_ifDescr|</text>
					</hash_1201022e46d426557bd8e8445c54b9722d0828>
				</sv_graph>
				<sv_data_source>
					<hash_130102b992b42b2d1414afcc72a496a96b487b>
						<field_name>name</field_name>
						<data_template_id>hash_0101026632e1e0b58a565c135d7ff90440c335</data_template_id>
						<sequence>1</sequence>
						<text>|host_description| - Traffic - |query_ifDescr|</text>
					</hash_130102b992b42b2d1414afcc72a496a96b487b>
				</sv_data_source>
			</hash_1101028b6f81f4e8676e66ad129fdbc8e9a8ee>
			<hash_1101023f5461f06c4627d6d5bba4b47d0f7586>
				<graph_template_id>hash_00010214e40228f27b7ba54d4ea0a901eea877</graph_template_id>
				<name>Interface - Errors/Discards</name>
				<rrd>
					<item_000>
						<snmp_field_name>ifInDiscards</snmp_field_name>
						<data_template_id>hash_01010236335cd98633963a575b70639cd2fdad</data_template_id>
						<data_template_rrd_id>hash_080102c802e2fd77f5b0a4c4298951bf65957c</data_template_rrd_id>
					</item_000>
					<item_001>
						<snmp_field_name>ifInDiscards</snmp_field_name>
						<data_template_id>hash_01010236335cd98633963a575b70639cd2fdad</data_template_id>
						<data_template_rrd_id>hash_0801024e2a72240955380dc8ffacfcc8c09874</data_template_rrd_id>
					</item_001>
					<item_002>
						<snmp_field_name>ifOutDiscards</snmp_field_name>
						<data_template_id>hash_01010236335cd98633963a575b70639cd2fdad</data_template_id>
						<data_template_rrd_id>hash_08010213ebb33f9cbccfcba828db1075a8167c</data_template_rrd_id>
					</item_002>
					<item_003>
						<snmp_field_name>ifOutDiscards</snmp_field_name>
						<data_template_id>hash_01010236335cd98633963a575b70639cd2fdad</data_template_id>
						<data_template_rrd_id>hash_08010231399c3725bee7e09ec04049e3d5cd17</data_template_rrd_id>
					</item_003>
				</rrd>
				<sv_graph>
					<hash_120102420be28699890786016641d98784fcd0>
						<field_name>title</field_name>
						<sequence>2</sequence>
						<text>|host_description| - Errors/Discards - |query_ifDescr|</text>
					</hash_120102420be28699890786016641d98784fcd0>
				</sv_graph>
				<sv_data_source>
					<hash_130102f5d38a54cad83af7c1de7ec52932f804>
						<field_name>name</field_name>
						<data_template_id>hash_01010236335cd98633963a575b70639cd2fdad</data_template_id>
						<sequence>2</sequence>
						<text>|host_description| - Errors/Discards - |query_ifDescr|</text>
					</hash_130102f5d38a54cad83af7c1de7ec52932f804>
				</sv_data_source>
			</hash_1101023f5461f06c4627d6d5bba4b47d0f7586>
		</graphs>
	</hash_040102d56c0b688dbc70e6230fb966b3660413>
	<hash_030102bf566c869ac6443b0c75d1c32b5a350e>
		<name>Get SNMP Data (Indexed)</name>
		<type_id>3</type_id>
		<input_string></input_string>
		<fields>
			<hash_070102617cdc8a230615e59f06f361ef6e7728>
				<name>SNMP IP Address</name>
				<update_rra></update_rra>
				<regexp_match></regexp_match>
				<allow_nulls></allow_nulls>
				<type_code>hostname</type_code>
				<input_output>in</input_output>
				<data_name>management_ip</data_name>
			</hash_070102617cdc8a230615e59f06f361ef6e7728>
			<hash_070102acb449d1451e8a2a655c2c99d31142c7>
				<name>SNMP Community</name>
				<update_rra></update_rra>
				<regexp_match></regexp_match>
				<allow_nulls></allow_nulls>
				<type_code>snmp_community</type_code>
				<input_output>in</input_output>
				<data_name>snmp_community</data_name>
			</hash_070102acb449d1451e8a2a655c2c99d31142c7>
			<hash_070102f4facc5e2ca7ebee621f09bc6d9fc792>
				<name>SNMP Username (v3)</name>
				<update_rra></update_rra>
				<regexp_match></regexp_match>
				<allow_nulls>on</allow_nulls>
				<type_code>snmp_username</type_code>
				<input_output>in</input_output>
				<data_name>snmp_username</data_name>
			</hash_070102f4facc5e2ca7ebee621f09bc6d9fc792>
			<hash_0701021cc1493a6781af2c478fa4de971531cf>
				<name>SNMP Password (v3)</name>
				<update_rra></update_rra>
				<regexp_match></regexp_match>
				<allow_nulls>on</allow_nulls>
				<type_code>snmp_password</type_code>
				<input_output>in</input_output>
				<data_name>snmp_password</data_name>
			</hash_0701021cc1493a6781af2c478fa4de971531cf>
			<hash_070102b5c23f246559df38662c255f4aa21d6b>
				<name>SNMP Version (1, 2, or 3)</name>
				<update_rra></update_rra>
				<regexp_match></regexp_match>
				<allow_nulls></allow_nulls>
				<type_code>snmp_version</type_code>
				<input_output>in</input_output>
				<data_name>snmp_version</data_name>
			</hash_070102b5c23f246559df38662c255f4aa21d6b>
			<hash_0701026027a919c7c7731fbe095b6f53ab127b>
				<name>Index Type</name>
				<update_rra></update_rra>
				<regexp_match></regexp_match>
				<allow_nulls></allow_nulls>
				<type_code>index_type</type_code>
				<input_output>in</input_output>
				<data_name>index_type</data_name>
			</hash_0701026027a919c7c7731fbe095b6f53ab127b>
			<hash_070102cbbe5c1ddfb264a6e5d509ce1c78c95f>
				<name>Index Value</name>
				<update_rra></update_rra>
				<regexp_match></regexp_match>
				<allow_nulls></allow_nulls>
				<type_code>index_value</type_code>
				<input_output>in</input_output>
				<data_name>index_value</data_name>
			</hash_070102cbbe5c1ddfb264a6e5d509ce1c78c95f>
			<hash_070102e6deda7be0f391399c5130e7c4a48b28>
				<name>Output Type ID</name>
				<update_rra></update_rra>
				<regexp_match></regexp_match>
				<allow_nulls></allow_nulls>
				<type_code>output_type</type_code>
				<input_output>in</input_output>
				<data_name>output_type</data_name>
			</hash_070102e6deda7be0f391399c5130e7c4a48b28>
			<hash_070102c1f36ee60c3dc98945556d57f26e475b>
				<name>SNMP Port</name>
				<update_rra></update_rra>
				<regexp_match></regexp_match>
				<allow_nulls></allow_nulls>
				<type_code>snmp_port</type_code>
				<input_output>in</input_output>
				<data_name>snmp_port</data_name>
			</hash_070102c1f36ee60c3dc98945556d57f26e475b>
			<hash_0701022cf7129ad3ff819a7a7ac189bee48ce8>
				<name>SNMP Authenticaion Protocol (v3)</name>
				<update_rra></update_rra>
				<regexp_match></regexp_match>
				<allow_nulls></allow_nulls>
				<type_code>snmp_auth_protocol</type_code>
				<input_output>in</input_output>
				<data_name>snmp_auth_protocol</data_name>
			</hash_0701022cf7129ad3ff819a7a7ac189bee48ce8>
			<hash_0701026b13ac0a0194e171d241d4b06f913158>
				<name>SNMP Privacy Passphrase (v3)</name>
				<update_rra></update_rra>
				<regexp_match></regexp_match>
				<allow_nulls></allow_nulls>
				<type_code>snmp_priv_passphrase</type_code>
				<input_output>in</input_output>
				<data_name>snmp_priv_passphrase</data_name>
			</hash_0701026b13ac0a0194e171d241d4b06f913158>
			<hash_0701023a33d4fc65b8329ab2ac46a36da26b72>
				<name>SNMP Privacy Protocol (v3)</name>
				<update_rra></update_rra>
				<regexp_match></regexp_match>
				<allow_nulls></allow_nulls>
				<type_code>snmp_priv_protocol</type_code>
				<input_output>in</input_output>
				<data_name>snmp_priv_protocol</data_name>
			</hash_0701023a33d4fc65b8329ab2ac46a36da26b72>
		</fields>
	</hash_030102bf566c869ac6443b0c75d1c32b5a350e>
	<hash_00010214e40228f27b7ba54d4ea0a901eea877>
		<name>Interface - Errors/Discards (ONT)</name>
		<graph>
			<t_title>on</t_title>
			<title>|host_description| - Errors/Discards</title>
			<t_vertical_label></t_vertical_label>
			<vertical_label>errors/sec</vertical_label>
			<t_image_format_id></t_image_format_id>
			<image_format_id>1</image_format_id>
			<t_height></t_height>
			<height>200</height>
			<t_width></t_width>
			<width>700</width>
			<t_base_value></t_base_value>
			<base_value>1000</base_value>
			<t_slope_mode></t_slope_mode>
			<slope_mode>on</slope_mode>
			<t_auto_scale></t_auto_scale>
			<auto_scale>on</auto_scale>
			<t_auto_scale_opts></t_auto_scale_opts>
			<auto_scale_opts>2</auto_scale_opts>
			<t_auto_scale_log></t_auto_scale_log>
			<auto_scale_log></auto_scale_log>
			<t_scale_log_units></t_scale_log_units>
			<scale_log_units></scale_log_units>
			<t_auto_scale_rigid></t_auto_scale_rigid>
			<auto_scale_rigid>on</auto_scale_rigid>
			<t_upper_limit></t_upper_limit>
			<upper_limit>100</upper_limit>
			<t_lower_limit></t_lower_limit>
			<lower_limit>0</lower_limit>
			<t_unit_value></t_unit_value>
			<unit_value></unit_value>
			<t_unit_exponent_value></t_unit_exponent_value>
			<unit_exponent_value></unit_exponent_value>
			<t_unit_length></t_unit_length>
			<unit_length></unit_length>
			<t_no_gridfit></t_no_gridfit>
			<no_gridfit></no_gridfit>
			<t_alt_y_grid></t_alt_y_grid>
			<alt_y_grid></alt_y_grid>
			<t_right_axis></t_right_axis>
			<right_axis></right_axis>
			<t_right_axis_label></t_right_axis_label>
			<right_axis_label></right_axis_label>
			<t_right_axis_format></t_right_axis_format>
			<right_axis_format>0</right_axis_format>
			<t_right_axis_formatter></t_right_axis_formatter>
			<right_axis_formatter>0</right_axis_formatter>
			<t_left_axis_formatter></t_left_axis_formatter>
			<left_axis_formatter>0</left_axis_formatter>
			<t_auto_padding></t_auto_padding>
			<auto_padding>on</auto_padding>
			<t_dynamic_labels></t_dynamic_labels>
			<dynamic_labels></dynamic_labels>
			<t_force_rules_legend></t_force_rules_legend>
			<force_rules_legend></force_rules_legend>
			<t_tab_width></t_tab_width>
			<tab_width></tab_width>
			<t_legend_position></t_legend_position>
			<legend_position>0</legend_position>
			<t_legend_direction></t_legend_direction>
			<legend_direction>0</legend_direction>
		</graph>
		<items>
			<hash_1001026b9591146b77717f58986b71bbf3fdce>
				<graph_type_id>4</graph_type_id>
				<task_item_id>hash_0801024e2a72240955380dc8ffacfcc8c09874</task_item_id>
				<color_id>FFAB00</color_id>
				<alpha>FF</alpha>
				<consolidation_function_id>1</consolidation_function_id>
				<cdef_id>0</cdef_id>
				<vdef_id>0</vdef_id>
				<shift></shift>
				<value></value>
				<gprint_id>hash_060102e9c43831e54eca8069317a2ce8c6f751</gprint_id>
				<textalign></textalign>
				<text_format>Discards In</text_format>
				<hard_return></hard_return>
				<line_width>0.00</line_width>
				<dashes></dashes>
				<dash_offset>0</dash_offset>
				<sequence>1</sequence>
			</hash_1001026b9591146b77717f58986b71bbf3fdce>
			<hash_10010270b6e88063a0e26cb4e6680dbf7d0b1c>
				<graph_type_id>9</graph_type_id>
				<task_item_id>hash_0801024e2a72240955380dc8ffacfcc8c09874</task_item_id>
				<color_id>0</color_id>
				<alpha>FF</alpha>
				<consolidation_function_id>4</consolidation_function_id>
				<cdef_id>0</cdef_id>
				<vdef_id>0</vdef_id>
				<shift></shift>
				<value></value>
				<gprint_id>hash_060102e9c43831e54eca8069317a2ce8c6f751</gprint_id>
				<textalign></textalign>
				<text_format>Current:</text_format>
				<hard_return></hard_return>
				<line_width>0.00</line_width>
				<dashes></dashes>
				<dash_offset>0</dash_offset>
				<sequence>2</sequence>
			</hash_10010270b6e88063a0e26cb4e6680dbf7d0b1c>
			<hash_100102ff194a38919821f834b3a268a50fad35>
				<graph_type_id>9</graph_type_id>
				<task_item_id>hash_0801024e2a72240955380dc8ffacfcc8c09874</task_item_id>
				<color_id>0</color_id>
				<alpha>FF</alpha>
				<consolidation_function_id>1</consolidation_function_id>
				<cdef_id>0</cdef_id>
				<vdef_id>0</vdef_id>
				<shift></shift>
				<value></value>
				<gprint_id>hash_060102e9c43831e54eca8069317a2ce8c6f751</gprint_id>
				<textalign></textalign>
				<text_format>Average:</text_format>
				<hard_return></hard_return>
				<line_width>0.00</line_width>
				<dashes></dashes>
				<dash_offset>0</dash_offset>
				<sequence>3</sequence>
			</hash_100102ff194a38919821f834b3a268a50fad35>
			<hash_1001026d626b7b48d6760581eea0616afecba9>
				<graph_type_id>9</graph_type_id>
				<task_item_id>hash_0801024e2a72240955380dc8ffacfcc8c09874</task_item_id>
				<color_id>0</color_id>
				<alpha>FF</alpha>
				<consolidation_function_id>3</consolidation_function_id>
				<cdef_id>0</cdef_id>
				<vdef_id>0</vdef_id>
				<shift></shift>
				<value></value>
				<gprint_id>hash_060102e9c43831e54eca8069317a2ce8c6f751</gprint_id>
				<textalign></textalign>
				<text_format>Maximum:</text_format>
				<hard_return>on</hard_return>
				<line_width>0.00</line_width>
				<dashes></dashes>
				<dash_offset>0</dash_offset>
				<sequence>4</sequence>
			</hash_1001026d626b7b48d6760581eea0616afecba9>
			<hash_100102c5d00c2b4febf91c6d29d85480cb3107>
				<graph_type_id>4</graph_type_id>
				<task_item_id>hash_080102c802e2fd77f5b0a4c4298951bf65957c</task_item_id>
				<color_id>F51D30</color_id>
				<alpha>FF</alpha>
				<consolidation_function_id>1</consolidation_function_id>
				<cdef_id>0</cdef_id>
				<vdef_id>0</vdef_id>
				<shift></shift>
				<value></value>
				<gprint_id>hash_060102e9c43831e54eca8069317a2ce8c6f751</gprint_id>
				<textalign></textalign>
				<text_format>Errors In</text_format>
				<hard_return></hard_return>
				<line_width>0.00</line_width>
				<dashes></dashes>
				<dash_offset>0</dash_offset>
				<sequence>5</sequence>
			</hash_100102c5d00c2b4febf91c6d29d85480cb3107>
			<hash_1001022d5cb19af997ec5e452be02c84871bb5>
				<graph_type_id>9</graph_type_id>
				<task_item_id>hash_080102c802e2fd77f5b0a4c4298951bf65957c</task_item_id>
				<color_id>0</color_id>
				<alpha>FF</alpha>
				<consolidation_function_id>4</consolidation_function_id>
				<cdef_id>0</cdef_id>
				<vdef_id>0</vdef_id>
				<shift></shift>
				<value></value>
				<gprint_id>hash_060102e9c43831e54eca8069317a2ce8c6f751</gprint_id>
				<textalign></textalign>
				<text_format>Current:</text_format>
				<hard_return></hard_return>
				<line_width>0.00</line_width>
				<dashes></dashes>
				<dash_offset>0</dash_offset>
				<sequence>6</sequence>
			</hash_1001022d5cb19af997ec5e452be02c84871bb5>
			<hash_100102607f9ed9d0376d61a1f16bd92e97bd15>
				<graph_type_id>9</graph_type_id>
				<task_item_id>hash_080102c802e2fd77f5b0a4c4298951bf65957c</task_item_id>
				<color_id>0</color_id>
				<alpha>FF</alpha>
				<consolidation_function_id>1</consolidation_function_id>
				<cdef_id>0</cdef_id>
				<vdef_id>0</vdef_id>
				<shift></shift>
				<value></value>
				<gprint_id>hash_060102e9c43831e54eca8069317a2ce8c6f751</gprint_id>
				<textalign></textalign>
				<text_format>Average:</text_format>
				<hard_return></hard_return>
				<line_width>0.00</line_width>
				<dashes></dashes>
				<dash_offset>0</dash_offset>
				<sequence>7</sequence>
			</hash_100102607f9ed9d0376d61a1f16bd92e97bd15>
			<hash_100102b7181a08c9950b474d43e3f4453ea5fc>
				<graph_type_id>9</graph_type_id>
				<task_item_id>hash_080102c802e2fd77f5b0a4c4298951bf65957c</task_item_id>
				<color_id>0</color_id>
				<alpha>FF</alpha>
				<consolidation_function_id>3</consolidation_function_id>
				<cdef_id>0</cdef_id>
				<vdef_id>0</vdef_id>
				<shift></shift>
				<value></value>
				<gprint_id>hash_060102e9c43831e54eca8069317a2ce8c6f751</gprint_id>
				<textalign></textalign>
				<text_format>Maximum:</text_format>
				<hard_return>on</hard_return>
				<line_width>0.00</line_width>
				<dashes></dashes>
				<dash_offset>0</dash_offset>
				<sequence>8</sequence>
			</hash_100102b7181a08c9950b474d43e3f4453ea5fc>
			<hash_100102f72bc132f71d5ddc3f51711a2cc405a7>
				<graph_type_id>4</graph_type_id>
				<task_item_id>hash_08010213ebb33f9cbccfcba828db1075a8167c</task_item_id>
				<color_id>C4FD3D</color_id>
				<alpha>FF</alpha>
				<consolidation_function_id>1</consolidation_function_id>
				<cdef_id>0</cdef_id>
				<vdef_id>0</vdef_id>
				<shift></shift>
				<value></value>
				<gprint_id>hash_060102e9c43831e54eca8069317a2ce8c6f751</gprint_id>
				<textalign></textalign>
				<text_format>Discards Out</text_format>
				<hard_return></hard_return>
				<line_width>0.00</line_width>
				<dashes></dashes>
				<dash_offset>0</dash_offset>
				<sequence>9</sequence>
			</hash_100102f72bc132f71d5ddc3f51711a2cc405a7>
			<hash_100102640c31cbc02badc9d1d5ead1787ec6e6>
				<graph_type_id>9</graph_type_id>
				<task_item_id>hash_08010213ebb33f9cbccfcba828db1075a8167c</task_item_id>
				<color_id>0</color_id>
				<alpha>FF</alpha>
				<consolidation_function_id>4</consolidation_function_id>
				<cdef_id>0</cdef_id>
				<vdef_id>0</vdef_id>
				<shift></shift>
				<value></value>
				<gprint_id>hash_060102e9c43831e54eca8069317a2ce8c6f751</gprint_id>
				<textalign></textalign>
				<text_format>Current:</text_format>
				<hard_return></hard_return>
				<line_width>0.00</line_width>
				<dashes></dashes>
				<dash_offset>0</dash_offset>
				<sequence>10</sequence>
			</hash_100102640c31cbc02badc9d1d5ead1787ec6e6>
			<hash_100102757cb7c40ddcb70da6c285e23e02a0ca>
				<graph_type_id>9</graph_type_id>
				<task_item_id>hash_08010213ebb33f9cbccfcba828db1075a8167c</task_item_id>
				<color_id>0</color_id>
				<alpha>FF</alpha>
				<consolidation_function_id>1</consolidation_function_id>
				<cdef_id>0</cdef_id>
				<vdef_id>0</vdef_id>
				<shift></shift>
				<value></value>
				<gprint_id>hash_060102e9c43831e54eca8069317a2ce8c6f751</gprint_id>
				<textalign></textalign>
				<text_format>Average:</text_format>
				<hard_return></hard_return>
				<line_width>0.00</line_width>
				<dashes></dashes>
				<dash_offset>0</dash_offset>
				<sequence>11</sequence>
			</hash_100102757cb7c40ddcb70da6c285e23e02a0ca>
			<hash_1001021e3c05ff68fe2c42967460481f45e663>
				<graph_type_id>9</graph_type_id>
				<task_item_id>hash_08010213ebb33f9cbccfcba828db1075a8167c</task_item_id>
				<color_id>0</color_id>
				<alpha>FF</alpha>
				<consolidation_function_id>3</consolidation_function_id>
				<cdef_id>0</cdef_id>
				<vdef_id>0</vdef_id>
				<shift></shift>
				<value></value>
				<gprint_id>hash_060102e9c43831e54eca8069317a2ce8c6f751</gprint_id>
				<textalign></textalign>
				<text_format>Maximum:</text_format>
				<hard_return>on</hard_return>
				<line_width>0.00</line_width>
				<dashes></dashes>
				<dash_offset>0</dash_offset>
				<sequence>12</sequence>
			</hash_1001021e3c05ff68fe2c42967460481f45e663>
			<hash_1001028da7adb078f705150b0145d1b5077c5f>
				<graph_type_id>4</graph_type_id>
				<task_item_id>hash_08010231399c3725bee7e09ec04049e3d5cd17</task_item_id>
				<color_id>00694A</color_id>
				<alpha>FF</alpha>
				<consolidation_function_id>1</consolidation_function_id>
				<cdef_id>0</cdef_id>
				<vdef_id>0</vdef_id>
				<shift></shift>
				<value></value>
				<gprint_id>hash_060102e9c43831e54eca8069317a2ce8c6f751</gprint_id>
				<textalign></textalign>
				<text_format>Errors Out</text_format>
				<hard_return></hard_return>
				<line_width>0.00</line_width>
				<dashes></dashes>
				<dash_offset>0</dash_offset>
				<sequence>13</sequence>
			</hash_1001028da7adb078f705150b0145d1b5077c5f>
			<hash_100102b20019475da5f1ca072a77044106ae63>
				<graph_type_id>9</graph_type_id>
				<task_item_id>hash_08010231399c3725bee7e09ec04049e3d5cd17</task_item_id>
				<color_id>0</color_id>
				<alpha>FF</alpha>
				<consolidation_function_id>4</consolidation_function_id>
				<cdef_id>0</cdef_id>
				<vdef_id>0</vdef_id>
				<shift></shift>
				<value></value>
				<gprint_id>hash_060102e9c43831e54eca8069317a2ce8c6f751</gprint_id>
				<textalign></textalign>
				<text_format>Current:</text_format>
				<hard_return></hard_return>
				<line_width>0.00</line_width>
				<dashes></dashes>
				<dash_offset>0</dash_offset>
				<sequence>14</sequence>
			</hash_100102b20019475da5f1ca072a77044106ae63>
			<hash_10010293d76404a2b137b3cc5eb395e83aac09>
				<graph_type_id>9</graph_type_id>
				<task_item_id>hash_08010231399c3725bee7e09ec04049e3d5cd17</task_item_id>
				<color_id>0</color_id>
				<alpha>FF</alpha>
				<consolidation_function_id>1</consolidation_function_id>
				<cdef_id>0</cdef_id>
				<vdef_id>0</vdef_id>
				<shift></shift>
				<value></value>
				<gprint_id>hash_060102e9c43831e54eca8069317a2ce8c6f751</gprint_id>
				<textalign></textalign>
				<text_format>Average:</text_format>
				<hard_return></hard_return>
				<line_width>0.00</line_width>
				<dashes></dashes>
				<dash_offset>0</dash_offset>
				<sequence>15</sequence>
			</hash_10010293d76404a2b137b3cc5eb395e83aac09>
			<hash_100102f9f516f15d4d8761f162b0fa29314483>
				<graph_type_id>9</graph_type_id>
				<task_item_id>hash_08010231399c3725bee7e09ec04049e3d5cd17</task_item_id>
				<color_id>0</color_id>
				<alpha>FF</alpha>
				<consolidation_function_id>3</consolidation_function_id>
				<cdef_id>0</cdef_id>
				<vdef_id>0</vdef_id>
				<shift></shift>
				<value></value>
				<gprint_id>hash_060102e9c43831e54eca8069317a2ce8c6f751</gprint_id>
				<textalign></textalign>
				<text_format>Maximum:</text_format>
				<hard_return>on</hard_return>
				<line_width>0.00</line_width>
				<dashes></dashes>
				<dash_offset>0</dash_offset>
				<sequence>16</sequence>
			</hash_100102f9f516f15d4d8761f162b0fa29314483>
		</items>
		<inputs>
			<hash_09010288371d3209beac0bfe24d90acad83860>
				<name>Discards In Data Source</name>
				<description></description>
				<column_name>task_item_id</column_name>
				<items>hash_0001026b9591146b77717f58986b71bbf3fdce|hash_00010270b6e88063a0e26cb4e6680dbf7d0b1c|hash_000102ff194a38919821f834b3a268a50fad35|hash_0001026d626b7b48d6760581eea0616afecba9</items>
			</hash_09010288371d3209beac0bfe24d90acad83860>
			<hash_090102eb71c4068e6165821152396bdd748502>
				<name>Errors In Data Source</name>
				<description></description>
				<column_name>task_item_id</column_name>
				<items>hash_000102c5d00c2b4febf91c6d29d85480cb3107|hash_0001022d5cb19af997ec5e452be02c84871bb5|hash_000102607f9ed9d0376d61a1f16bd92e97bd15|hash_000102b7181a08c9950b474d43e3f4453ea5fc</items>
			</hash_090102eb71c4068e6165821152396bdd748502>
			<hash_0901022898a25769b391e585f983ad2ac4e6ac>
				<name>Discards Out Data Source</name>
				<description></description>
				<column_name>task_item_id</column_name>
				<items>hash_000102f72bc132f71d5ddc3f51711a2cc405a7|hash_000102640c31cbc02badc9d1d5ead1787ec6e6|hash_000102757cb7c40ddcb70da6c285e23e02a0ca|hash_0001021e3c05ff68fe2c42967460481f45e663</items>
			</hash_0901022898a25769b391e585f983ad2ac4e6ac>
			<hash_09010281cdab383b147765d035ce678dd9d693>
				<name>Errors Out Data Source</name>
				<description></description>
				<column_name>task_item_id</column_name>
				<items>hash_0001028da7adb078f705150b0145d1b5077c5f|hash_000102b20019475da5f1ca072a77044106ae63|hash_00010293d76404a2b137b3cc5eb395e83aac09|hash_000102f9f516f15d4d8761f162b0fa29314483</items>
			</hash_09010281cdab383b147765d035ce678dd9d693>
		</inputs>
	</hash_00010214e40228f27b7ba54d4ea0a901eea877>
	<hash_0001023898c3f5669c819eb67ff7c0641f9645>
		<name>Interface - Traffic (bits/sec, 95th Percentile) (ONT)</name>
		<graph>
			<t_title>on</t_title>
			<title>|host_description| - Traffic</title>
			<t_vertical_label></t_vertical_label>
			<vertical_label>bits per second</vertical_label>
			<t_image_format_id></t_image_format_id>
			<image_format_id>1</image_format_id>
			<t_height></t_height>
			<height>200</height>
			<t_width></t_width>
			<width>700</width>
			<t_base_value></t_base_value>
			<base_value>1000</base_value>
			<t_slope_mode></t_slope_mode>
			<slope_mode>on</slope_mode>
			<t_auto_scale></t_auto_scale>
			<auto_scale>on</auto_scale>
			<t_auto_scale_opts></t_auto_scale_opts>
			<auto_scale_opts>2</auto_scale_opts>
			<t_auto_scale_log></t_auto_scale_log>
			<auto_scale_log></auto_scale_log>
			<t_scale_log_units></t_scale_log_units>
			<scale_log_units></scale_log_units>
			<t_auto_scale_rigid></t_auto_scale_rigid>
			<auto_scale_rigid>on</auto_scale_rigid>
			<t_upper_limit></t_upper_limit>
			<upper_limit>100</upper_limit>
			<t_lower_limit></t_lower_limit>
			<lower_limit>0</lower_limit>
			<t_unit_value></t_unit_value>
			<unit_value></unit_value>
			<t_unit_exponent_value></t_unit_exponent_value>
			<unit_exponent_value></unit_exponent_value>
			<t_unit_length></t_unit_length>
			<unit_length></unit_length>
			<t_no_gridfit></t_no_gridfit>
			<no_gridfit></no_gridfit>
			<t_alt_y_grid></t_alt_y_grid>
			<alt_y_grid></alt_y_grid>
			<t_right_axis></t_right_axis>
			<right_axis></right_axis>
			<t_right_axis_label></t_right_axis_label>
			<right_axis_label></right_axis_label>
			<t_right_axis_format></t_right_axis_format>
			<right_axis_format>0</right_axis_format>
			<t_right_axis_formatter></t_right_axis_formatter>
			<right_axis_formatter>0</right_axis_formatter>
			<t_left_axis_formatter></t_left_axis_formatter>
			<left_axis_formatter>0</left_axis_formatter>
			<t_auto_padding></t_auto_padding>
			<auto_padding>on</auto_padding>
			<t_dynamic_labels></t_dynamic_labels>
			<dynamic_labels></dynamic_labels>
			<t_force_rules_legend></t_force_rules_legend>
			<force_rules_legend></force_rules_legend>
			<t_tab_width></t_tab_width>
			<tab_width></tab_width>
			<t_legend_position></t_legend_position>
			<legend_position>0</legend_position>
			<t_legend_direction></t_legend_direction>
			<legend_direction>0</legend_direction>
		</graph>
		<items>
			<hash_1001028e744a41fb4e712ba9ddae0db399024f>
				<graph_type_id>4</graph_type_id>
				<task_item_id>hash_0801022df25c57022b0c7e7d0be4c035ada1a0</task_item_id>
				<color_id>00CF00</color_id>
				<alpha>FF</alpha>
				<consolidation_function_id>3</consolidation_function_id>
				<cdef_id>hash_05010273f95f8b77b5508157d64047342c421e</cdef_id>
				<vdef_id>0</vdef_id>
				<shift></shift>
				<value></value>
				<gprint_id>hash_060102e9c43831e54eca8069317a2ce8c6f751</gprint_id>
				<textalign></textalign>
				<text_format></text_format>
				<hard_return></hard_return>
				<line_width>1.00</line_width>
				<dashes></dashes>
				<dash_offset>0</dash_offset>
				<sequence>1</sequence>
			</hash_1001028e744a41fb4e712ba9ddae0db399024f>
			<hash_1001020f06fd8efca61fa85ad922f6085860fe>
				<graph_type_id>7</graph_type_id>
				<task_item_id>hash_0801022df25c57022b0c7e7d0be4c035ada1a0</task_item_id>
				<color_id>00CF00</color_id>
				<alpha>7F</alpha>
				<consolidation_function_id>1</consolidation_function_id>
				<cdef_id>hash_05010273f95f8b77b5508157d64047342c421e</cdef_id>
				<vdef_id>0</vdef_id>
				<shift></shift>
				<value></value>
				<gprint_id>hash_060102e9c43831e54eca8069317a2ce8c6f751</gprint_id>
				<textalign></textalign>
				<text_format>Inbound</text_format>
				<hard_return></hard_return>
				<line_width>0.00</line_width>
				<dashes></dashes>
				<dash_offset>0</dash_offset>
				<sequence>2</sequence>
			</hash_1001020f06fd8efca61fa85ad922f6085860fe>
			<hash_100102da3e2f34adcc00a0e17610a43108cfe1>
				<graph_type_id>9</graph_type_id>
				<task_item_id>hash_0801022df25c57022b0c7e7d0be4c035ada1a0</task_item_id>
				<color_id>0</color_id>
				<alpha>FF</alpha>
				<consolidation_function_id>4</consolidation_function_id>
				<cdef_id>hash_05010273f95f8b77b5508157d64047342c421e</cdef_id>
				<vdef_id>0</vdef_id>
				<shift></shift>
				<value></value>
				<gprint_id>hash_060102e9c43831e54eca8069317a2ce8c6f751</gprint_id>
				<textalign></textalign>
				<text_format>Current:</text_format>
				<hard_return></hard_return>
				<line_width>0.00</line_width>
				<dashes></dashes>
				<dash_offset>0</dash_offset>
				<sequence>3</sequence>
			</hash_100102da3e2f34adcc00a0e17610a43108cfe1>
			<hash_1001025083c7007279ed8a1a3a3db80b6e995c>
				<graph_type_id>9</graph_type_id>
				<task_item_id>hash_0801022df25c57022b0c7e7d0be4c035ada1a0</task_item_id>
				<color_id>0</color_id>
				<alpha>FF</alpha>
				<consolidation_function_id>1</consolidation_function_id>
				<cdef_id>hash_05010273f95f8b77b5508157d64047342c421e</cdef_id>
				<vdef_id>0</vdef_id>
				<shift></shift>
				<value></value>
				<gprint_id>hash_060102e9c43831e54eca8069317a2ce8c6f751</gprint_id>
				<textalign></textalign>
				<text_format>Average:</text_format>
				<hard_return></hard_return>
				<line_width>0.00</line_width>
				<dashes></dashes>
				<dash_offset>0</dash_offset>
				<sequence>4</sequence>
			</hash_1001025083c7007279ed8a1a3a3db80b6e995c>
			<hash_10010279f1a33cb3674dd9a92c915b24adb781>
				<graph_type_id>9</graph_type_id>
				<task_item_id>hash_0801022df25c57022b0c7e7d0be4c035ada1a0</task_item_id>
				<color_id>0</color_id>
				<alpha>FF</alpha>
				<consolidation_function_id>3</consolidation_function_id>
				<cdef_id>hash_05010273f95f8b77b5508157d64047342c421e</cdef_id>
				<vdef_id>0</vdef_id>
				<shift></shift>
				<value></value>
				<gprint_id>hash_060102e9c43831e54eca8069317a2ce8c6f751</gprint_id>
				<textalign></textalign>
				<text_format>Maximum:</text_format>
				<hard_return>on</hard_return>
				<line_width>0.00</line_width>
				<dashes></dashes>
				<dash_offset>0</dash_offset>
				<sequence>5</sequence>
			</hash_10010279f1a33cb3674dd9a92c915b24adb781>
			<hash_100102b274342e19da0d445ff0497ed08ac261>
				<graph_type_id>7</graph_type_id>
				<task_item_id>hash_080102721c0794526d1ac1c359f27dc56faa49</task_item_id>
				<color_id>002A97</color_id>
				<alpha>7F</alpha>
				<consolidation_function_id>1</consolidation_function_id>
				<cdef_id>hash_05010273f95f8b77b5508157d64047342c421e</cdef_id>
				<vdef_id>0</vdef_id>
				<shift></shift>
				<value></value>
				<gprint_id>hash_060102e9c43831e54eca8069317a2ce8c6f751</gprint_id>
				<textalign></textalign>
				<text_format>Outbound</text_format>
				<hard_return></hard_return>
				<line_width>0.00</line_width>
				<dashes></dashes>
				<dash_offset>0</dash_offset>
				<sequence>6</sequence>
			</hash_100102b274342e19da0d445ff0497ed08ac261>
			<hash_1001028f3a8ae185d60114c8bbe413aa6fe264>
				<graph_type_id>4</graph_type_id>
				<task_item_id>hash_080102721c0794526d1ac1c359f27dc56faa49</task_item_id>
				<color_id>002A97</color_id>
				<alpha>FF</alpha>
				<consolidation_function_id>3</consolidation_function_id>
				<cdef_id>hash_05010273f95f8b77b5508157d64047342c421e</cdef_id>
				<vdef_id>0</vdef_id>
				<shift></shift>
				<value></value>
				<gprint_id>hash_060102e9c43831e54eca8069317a2ce8c6f751</gprint_id>
				<textalign></textalign>
				<text_format></text_format>
				<hard_return></hard_return>
				<line_width>0.00</line_width>
				<dashes></dashes>
				<dash_offset>0</dash_offset>
				<sequence>7</sequence>
			</hash_1001028f3a8ae185d60114c8bbe413aa6fe264>
			<hash_1001023c930f7dbb0733c1fffec3e371e03d14>
				<graph_type_id>9</graph_type_id>
				<task_item_id>hash_080102721c0794526d1ac1c359f27dc56faa49</task_item_id>
				<color_id>0</color_id>
				<alpha>FF</alpha>
				<consolidation_function_id>4</consolidation_function_id>
				<cdef_id>hash_05010273f95f8b77b5508157d64047342c421e</cdef_id>
				<vdef_id>0</vdef_id>
				<shift></shift>
				<value></value>
				<gprint_id>hash_060102e9c43831e54eca8069317a2ce8c6f751</gprint_id>
				<textalign></textalign>
				<text_format>Current:</text_format>
				<hard_return></hard_return>
				<line_width>0.00</line_width>
				<dashes></dashes>
				<dash_offset>0</dash_offset>
				<sequence>8</sequence>
			</hash_1001023c930f7dbb0733c1fffec3e371e03d14>
			<hash_10010212fa3a09e23616d2a479161a734d6042>
				<graph_type_id>9</graph_type_id>
				<task_item_id>hash_080102721c0794526d1ac1c359f27dc56faa49</task_item_id>
				<color_id>0</color_id>
				<alpha>FF</alpha>
				<consolidation_function_id>1</consolidation_function_id>
				<cdef_id>hash_05010273f95f8b77b5508157d64047342c421e</cdef_id>
				<vdef_id>0</vdef_id>
				<shift></shift>
				<value></value>
				<gprint_id>hash_060102e9c43831e54eca8069317a2ce8c6f751</gprint_id>
				<textalign></textalign>
				<text_format>Average:</text_format>
				<hard_return></hard_return>
				<line_width>0.00</line_width>
				<dashes></dashes>
				<dash_offset>0</dash_offset>
				<sequence>9</sequence>
			</hash_10010212fa3a09e23616d2a479161a734d6042>
			<hash_1001026fd8048d3a27af0866f8e40816283a8c>
				<graph_type_id>9</graph_type_id>
				<task_item_id>hash_080102721c0794526d1ac1c359f27dc56faa49</task_item_id>
				<color_id>0</color_id>
				<alpha>FF</alpha>
				<consolidation_function_id>3</consolidation_function_id>
				<cdef_id>hash_05010273f95f8b77b5508157d64047342c421e</cdef_id>
				<vdef_id>0</vdef_id>
				<shift></shift>
				<value></value>
				<gprint_id>hash_060102e9c43831e54eca8069317a2ce8c6f751</gprint_id>
				<textalign></textalign>
				<text_format>Maximum:</text_format>
				<hard_return>on</hard_return>
				<line_width>0.00</line_width>
				<dashes></dashes>
				<dash_offset>0</dash_offset>
				<sequence>10</sequence>
			</hash_1001026fd8048d3a27af0866f8e40816283a8c>
			<hash_1001025a4e99db5d03a5a4929b1fc1e108c6bc>
				<graph_type_id>1</graph_type_id>
				<task_item_id>0</task_item_id>
				<color_id>0</color_id>
				<alpha>FF</alpha>
				<consolidation_function_id>1</consolidation_function_id>
				<cdef_id>0</cdef_id>
				<vdef_id>0</vdef_id>
				<shift></shift>
				<value></value>
				<gprint_id>hash_060102e9c43831e54eca8069317a2ce8c6f751</gprint_id>
				<textalign></textalign>
				<text_format></text_format>
				<hard_return>on</hard_return>
				<line_width>0.00</line_width>
				<dashes></dashes>
				<dash_offset>0</dash_offset>
				<sequence>11</sequence>
			</hash_1001025a4e99db5d03a5a4929b1fc1e108c6bc>
			<hash_100102057ff92bceb19e5311cadaca2429e000>
				<graph_type_id>2</graph_type_id>
				<task_item_id>hash_080102721c0794526d1ac1c359f27dc56faa49</task_item_id>
				<color_id>FF0000</color_id>
				<alpha>FF</alpha>
				<consolidation_function_id>1</consolidation_function_id>
				<cdef_id>0</cdef_id>
				<vdef_id>0</vdef_id>
				<shift></shift>
				<value>|95:bits:0:max:2|</value>
				<gprint_id>hash_060102e9c43831e54eca8069317a2ce8c6f751</gprint_id>
				<textalign></textalign>
				<text_format>95th Percentile</text_format>
				<hard_return></hard_return>
				<line_width>0.00</line_width>
				<dashes></dashes>
				<dash_offset>0</dash_offset>
				<sequence>12</sequence>
			</hash_100102057ff92bceb19e5311cadaca2429e000>
			<hash_100102e6f1bb53090137f2e1263be3136614ea>
				<graph_type_id>1</graph_type_id>
				<task_item_id>hash_080102721c0794526d1ac1c359f27dc56faa49</task_item_id>
				<color_id>0</color_id>
				<alpha>FF</alpha>
				<consolidation_function_id>1</consolidation_function_id>
				<cdef_id>0</cdef_id>
				<vdef_id>0</vdef_id>
				<shift></shift>
				<value></value>
				<gprint_id>hash_060102e9c43831e54eca8069317a2ce8c6f751</gprint_id>
				<textalign></textalign>
				<text_format>(|95:bits:6:max:2| mbit in+out)</text_format>
				<hard_return></hard_return>
				<line_width>0.00</line_width>
				<dashes></dashes>
				<dash_offset>0</dash_offset>
				<sequence>13</sequence>
			</hash_100102e6f1bb53090137f2e1263be3136614ea>
		</items>
		<inputs>
			<hash_090102220aa17eb2c29674abf6b2b6bee73d4a>
				<name>Inbound Data Source</name>
				<description></description>
				<column_name>task_item_id</column_name>
				<items>hash_0001028e744a41fb4e712ba9ddae0db399024f|hash_0001020f06fd8efca61fa85ad922f6085860fe|hash_000102da3e2f34adcc00a0e17610a43108cfe1|hash_0001025083c7007279ed8a1a3a3db80b6e995c|hash_00010279f1a33cb3674dd9a92c915b24adb781</items>
			</hash_090102220aa17eb2c29674abf6b2b6bee73d4a>
			<hash_09010298d4c3df7c1b9c9ac154648aa18d1807>
				<name>Outbound Data Source</name>
				<description></description>
				<column_name>task_item_id</column_name>
				<items>hash_000102b274342e19da0d445ff0497ed08ac261|hash_0001028f3a8ae185d60114c8bbe413aa6fe264|hash_0001023c930f7dbb0733c1fffec3e371e03d14|hash_00010212fa3a09e23616d2a479161a734d6042|hash_0001026fd8048d3a27af0866f8e40816283a8c|hash_000102057ff92bceb19e5311cadaca2429e000|hash_000102e6f1bb53090137f2e1263be3136614ea</items>
			</hash_09010298d4c3df7c1b9c9ac154648aa18d1807>
		</inputs>
	</hash_0001023898c3f5669c819eb67ff7c0641f9645>
	<hash_000102f0b611760405f4adac504e14b4a402ee>
		<name>Interface - Unicast Packets (ONT)</name>
		<graph>
			<t_title>on</t_title>
			<title>|host_description| - Unicast Packets</title>
			<t_vertical_label></t_vertical_label>
			<vertical_label>packets/sec</vertical_label>
			<t_image_format_id></t_image_format_id>
			<image_format_id>1</image_format_id>
			<t_height></t_height>
			<height>200</height>
			<t_width></t_width>
			<width>700</width>
			<t_base_value></t_base_value>
			<base_value>1000</base_value>
			<t_slope_mode></t_slope_mode>
			<slope_mode>on</slope_mode>
			<t_auto_scale></t_auto_scale>
			<auto_scale>on</auto_scale>
			<t_auto_scale_opts></t_auto_scale_opts>
			<auto_scale_opts>2</auto_scale_opts>
			<t_auto_scale_log></t_auto_scale_log>
			<auto_scale_log></auto_scale_log>
			<t_scale_log_units></t_scale_log_units>
			<scale_log_units></scale_log_units>
			<t_auto_scale_rigid></t_auto_scale_rigid>
			<auto_scale_rigid>on</auto_scale_rigid>
			<t_upper_limit></t_upper_limit>
			<upper_limit>100</upper_limit>
			<t_lower_limit></t_lower_limit>
			<lower_limit>0</lower_limit>
			<t_unit_value></t_unit_value>
			<unit_value></unit_value>
			<t_unit_exponent_value></t_unit_exponent_value>
			<unit_exponent_value></unit_exponent_value>
			<t_unit_length></t_unit_length>
			<unit_length></unit_length>
			<t_no_gridfit></t_no_gridfit>
			<no_gridfit></no_gridfit>
			<t_alt_y_grid></t_alt_y_grid>
			<alt_y_grid></alt_y_grid>
			<t_right_axis></t_right_axis>
			<right_axis></right_axis>
			<t_right_axis_label></t_right_axis_label>
			<right_axis_label></right_axis_label>
			<t_right_axis_format></t_right_axis_format>
			<right_axis_format>0</right_axis_format>
			<t_right_axis_formatter></t_right_axis_formatter>
			<right_axis_formatter>0</right_axis_formatter>
			<t_left_axis_formatter></t_left_axis_formatter>
			<left_axis_formatter>0</left_axis_formatter>
			<t_auto_padding></t_auto_padding>
			<auto_padding>on</auto_padding>
			<t_dynamic_labels></t_dynamic_labels>
			<dynamic_labels></dynamic_labels>
			<t_force_rules_legend></t_force_rules_legend>
			<force_rules_legend></force_rules_legend>
			<t_tab_width></t_tab_width>
			<tab_width></tab_width>
			<t_legend_position></t_legend_position>
			<legend_position>0</legend_position>
			<t_legend_direction></t_legend_direction>
			<legend_direction>0</legend_direction>
		</graph>
		<items>
			<hash_1001025e73348d6d5caa407876735313b994e2>
				<graph_type_id>7</graph_type_id>
				<task_item_id>hash_080102636672962b5bb2f31d86985e2ab4bdfe</task_item_id>
				<color_id>FFF200</color_id>
				<alpha>FF</alpha>
				<consolidation_function_id>1</consolidation_function_id>
				<cdef_id>0</cdef_id>
				<vdef_id>0</vdef_id>
				<shift></shift>
				<value></value>
				<gprint_id>hash_060102e9c43831e54eca8069317a2ce8c6f751</gprint_id>
				<textalign></textalign>
				<text_format>Unicast Packets In</text_format>
				<hard_return></hard_return>
				<line_width>0.00</line_width>
				<dashes></dashes>
				<dash_offset>0</dash_offset>
				<sequence>1</sequence>
			</hash_1001025e73348d6d5caa407876735313b994e2>
			<hash_10010202d5e1192b93390dd0384cecc36fa04a>
				<graph_type_id>9</graph_type_id>
				<task_item_id>hash_080102636672962b5bb2f31d86985e2ab4bdfe</task_item_id>
				<color_id>0</color_id>
				<alpha>FF</alpha>
				<consolidation_function_id>4</consolidation_function_id>
				<cdef_id>0</cdef_id>
				<vdef_id>0</vdef_id>
				<shift></shift>
				<value></value>
				<gprint_id>hash_060102e9c43831e54eca8069317a2ce8c6f751</gprint_id>
				<textalign></textalign>
				<text_format>Current:</text_format>
				<hard_return></hard_return>
				<line_width>0.00</line_width>
				<dashes></dashes>
				<dash_offset>0</dash_offset>
				<sequence>2</sequence>
			</hash_10010202d5e1192b93390dd0384cecc36fa04a>
			<hash_1001025256274166c2812278da3cfceb8b8cb2>
				<graph_type_id>9</graph_type_id>
				<task_item_id>hash_080102636672962b5bb2f31d86985e2ab4bdfe</task_item_id>
				<color_id>0</color_id>
				<alpha>FF</alpha>
				<consolidation_function_id>1</consolidation_function_id>
				<cdef_id>0</cdef_id>
				<vdef_id>0</vdef_id>
				<shift></shift>
				<value></value>
				<gprint_id>hash_060102e9c43831e54eca8069317a2ce8c6f751</gprint_id>
				<textalign></textalign>
				<text_format>Average:</text_format>
				<hard_return></hard_return>
				<line_width>0.00</line_width>
				<dashes></dashes>
				<dash_offset>0</dash_offset>
				<sequence>3</sequence>
			</hash_1001025256274166c2812278da3cfceb8b8cb2>
			<hash_100102cca4090c8499898824342dfaf39e2449>
				<graph_type_id>9</graph_type_id>
				<task_item_id>hash_080102636672962b5bb2f31d86985e2ab4bdfe</task_item_id>
				<color_id>0</color_id>
				<alpha>FF</alpha>
				<consolidation_function_id>3</consolidation_function_id>
				<cdef_id>0</cdef_id>
				<vdef_id>0</vdef_id>
				<shift></shift>
				<value></value>
				<gprint_id>hash_060102e9c43831e54eca8069317a2ce8c6f751</gprint_id>
				<textalign></textalign>
				<text_format>Maximum:</text_format>
				<hard_return>on</hard_return>
				<line_width>0.00</line_width>
				<dashes></dashes>
				<dash_offset>0</dash_offset>
				<sequence>4</sequence>
			</hash_100102cca4090c8499898824342dfaf39e2449>
			<hash_100102405ff8ed51c7a304c97c5f15dd48a227>
				<graph_type_id>4</graph_type_id>
				<task_item_id>hash_08010218ce92c125a236a190ee9dd948f56268</task_item_id>
				<color_id>00234B</color_id>
				<alpha>FF</alpha>
				<consolidation_function_id>1</consolidation_function_id>
				<cdef_id>0</cdef_id>
				<vdef_id>0</vdef_id>
				<shift></shift>
				<value></value>
				<gprint_id>hash_060102e9c43831e54eca8069317a2ce8c6f751</gprint_id>
				<textalign></textalign>
				<text_format>Unicast Packets Out</text_format>
				<hard_return></hard_return>
				<line_width>0.00</line_width>
				<dashes></dashes>
				<dash_offset>0</dash_offset>
				<sequence>5</sequence>
			</hash_100102405ff8ed51c7a304c97c5f15dd48a227>
			<hash_10010280c0f401a27ca63d35ccc3fe0768e986>
				<graph_type_id>9</graph_type_id>
				<task_item_id>hash_08010218ce92c125a236a190ee9dd948f56268</task_item_id>
				<color_id>0</color_id>
				<alpha>FF</alpha>
				<consolidation_function_id>4</consolidation_function_id>
				<cdef_id>0</cdef_id>
				<vdef_id>0</vdef_id>
				<shift></shift>
				<value></value>
				<gprint_id>hash_060102e9c43831e54eca8069317a2ce8c6f751</gprint_id>
				<textalign></textalign>
				<text_format>Current:</text_format>
				<hard_return></hard_return>
				<line_width>0.00</line_width>
				<dashes></dashes>
				<dash_offset>0</dash_offset>
				<sequence>6</sequence>
			</hash_10010280c0f401a27ca63d35ccc3fe0768e986>
			<hash_100102eda79353a3b4937bff17b28db81951bd>
				<graph_type_id>9</graph_type_id>
				<task_item_id>hash_08010218ce92c125a236a190ee9dd948f56268</task_item_id>
				<color_id>0</color_id>
				<alpha>FF</alpha>
				<consolidation_function_id>1</consolidation_function_id>
				<cdef_id>0</cdef_id>
				<vdef_id>0</vdef_id>
				<shift></shift>
				<value></value>
				<gprint_id>hash_060102e9c43831e54eca8069317a2ce8c6f751</gprint_id>
				<textalign></textalign>
				<text_format>Average:</text_format>
				<hard_return></hard_return>
				<line_width>0.00</line_width>
				<dashes></dashes>
				<dash_offset>0</dash_offset>
				<sequence>7</sequence>
			</hash_100102eda79353a3b4937bff17b28db81951bd>
			<hash_100102f0ac51b3423feb1b0630beb39b015d22>
				<graph_type_id>9</graph_type_id>
				<task_item_id>hash_08010218ce92c125a236a190ee9dd948f56268</task_item_id>
				<color_id>0</color_id>
				<alpha>FF</alpha>
				<consolidation_function_id>3</consolidation_function_id>
				<cdef_id>0</cdef_id>
				<vdef_id>0</vdef_id>
				<shift></shift>
				<value></value>
				<gprint_id>hash_060102e9c43831e54eca8069317a2ce8c6f751</gprint_id>
				<textalign></textalign>
				<text_format>Maximum:</text_format>
				<hard_return>on</hard_return>
				<line_width>0.00</line_width>
				<dashes></dashes>
				<dash_offset>0</dash_offset>
				<sequence>8</sequence>
			</hash_100102f0ac51b3423feb1b0630beb39b015d22>
			<hash_10010201a225251ce792d961e941d66a66e91b>
				<graph_type_id>4</graph_type_id>
				<task_item_id>hash_080102636672962b5bb2f31d86985e2ab4bdfe</task_item_id>
				<color_id>FFF200</color_id>
				<alpha>FF</alpha>
				<consolidation_function_id>3</consolidation_function_id>
				<cdef_id>0</cdef_id>
				<vdef_id>0</vdef_id>
				<shift></shift>
				<value></value>
				<gprint_id>hash_060102e9c43831e54eca8069317a2ce8c6f751</gprint_id>
				<textalign></textalign>
				<text_format></text_format>
				<hard_return></hard_return>
				<line_width>1.00</line_width>
				<dashes></dashes>
				<dash_offset>0</dash_offset>
				<sequence>9</sequence>
			</hash_10010201a225251ce792d961e941d66a66e91b>
			<hash_100102c890b480dd9eeba8399a427711af586b>
				<graph_type_id>4</graph_type_id>
				<task_item_id>hash_08010218ce92c125a236a190ee9dd948f56268</task_item_id>
				<color_id>00234B</color_id>
				<alpha>FF</alpha>
				<consolidation_function_id>3</consolidation_function_id>
				<cdef_id>0</cdef_id>
				<vdef_id>0</vdef_id>
				<shift></shift>
				<value></value>
				<gprint_id>hash_060102e9c43831e54eca8069317a2ce8c6f751</gprint_id>
				<textalign></textalign>
				<text_format></text_format>
				<hard_return></hard_return>
				<line_width>1.00</line_width>
				<dashes></dashes>
				<dash_offset>0</dash_offset>
				<sequence>10</sequence>
			</hash_100102c890b480dd9eeba8399a427711af586b>
		</items>
		<inputs>
			<hash_090102e1686bcdaed327454771d80be515e72f>
				<name>Unicast Packets Out Data Source</name>
				<description></description>
				<column_name>task_item_id</column_name>
				<items>hash_000102405ff8ed51c7a304c97c5f15dd48a227|hash_00010280c0f401a27ca63d35ccc3fe0768e986|hash_000102eda79353a3b4937bff17b28db81951bd|hash_000102f0ac51b3423feb1b0630beb39b015d22|hash_000102c890b480dd9eeba8399a427711af586b</items>
			</hash_090102e1686bcdaed327454771d80be515e72f>
			<hash_0901020dd099aa99b70210b76a95e019aea506>
				<name>Unicast Packets In Data Source</name>
				<description></description>
				<column_name>task_item_id</column_name>
				<items>hash_0001025e73348d6d5caa407876735313b994e2|hash_00010202d5e1192b93390dd0384cecc36fa04a|hash_0001025256274166c2812278da3cfceb8b8cb2|hash_000102cca4090c8499898824342dfaf39e2449|hash_00010201a225251ce792d961e941d66a66e91b</items>
			</hash_0901020dd099aa99b70210b76a95e019aea506>
		</inputs>
	</hash_000102f0b611760405f4adac504e14b4a402ee>
	<hash_01010236335cd98633963a575b70639cd2fdad>
		<name>Interface - Errors/Discards</name>
		<ds>
			<t_name>on</t_name>
			<name>|host_description| - Errors/Discards</name>
			<data_source_path></data_source_path>
			<data_input_id>hash_030102bf566c869ac6443b0c75d1c32b5a350e</data_input_id>
			<t_data_source_profile_id></t_data_source_profile_id>
			<data_source_profile_id>hash_200102d62c52891f4f9688729a5bc9fad91b18</data_source_profile_id>
			<t_rrd_step></t_rrd_step>
			<rrd_step>300</rrd_step>
			<t_active></t_active>
			<active>on</active>
		</ds>
		<items>
			<hash_080102c802e2fd77f5b0a4c4298951bf65957c>
				<t_data_source_name></t_data_source_name>
				<data_source_name>errors_in</data_source_name>
				<t_rrd_minimum></t_rrd_minimum>
				<rrd_minimum>0</rrd_minimum>
				<t_rrd_maximum></t_rrd_maximum>
				<rrd_maximum>10000000</rrd_maximum>
				<t_data_source_type_id></t_data_source_type_id>
				<data_source_type_id>2</data_source_type_id>
				<t_rrd_heartbeat></t_rrd_heartbeat>
				<rrd_heartbeat>600</rrd_heartbeat>
				<t_data_input_field_id></t_data_input_field_id>
				<data_input_field_id>0</data_input_field_id>
			</hash_080102c802e2fd77f5b0a4c4298951bf65957c>
			<hash_0801024e2a72240955380dc8ffacfcc8c09874>
				<t_data_source_name></t_data_source_name>
				<data_source_name>discards_in</data_source_name>
				<t_rrd_minimum></t_rrd_minimum>
				<rrd_minimum>0</rrd_minimum>
				<t_rrd_maximum></t_rrd_maximum>
				<rrd_maximum>10000000</rrd_maximum>
				<t_data_source_type_id></t_data_source_type_id>
				<data_source_type_id>2</data_source_type_id>
				<t_rrd_heartbeat></t_rrd_heartbeat>
				<rrd_heartbeat>600</rrd_heartbeat>
				<t_data_input_field_id></t_data_input_field_id>
				<data_input_field_id>0</data_input_field_id>
			</hash_0801024e2a72240955380dc8ffacfcc8c09874>
			<hash_08010213ebb33f9cbccfcba828db1075a8167c>
				<t_data_source_name></t_data_source_name>
				<data_source_name>discards_out</data_source_name>
				<t_rrd_minimum></t_rrd_minimum>
				<rrd_minimum>0</rrd_minimum>
				<t_rrd_maximum></t_rrd_maximum>
				<rrd_maximum>10000000</rrd_maximum>
				<t_data_source_type_id></t_data_source_type_id>
				<data_source_type_id>2</data_source_type_id>
				<t_rrd_heartbeat></t_rrd_heartbeat>
				<rrd_heartbeat>600</rrd_heartbeat>
				<t_data_input_field_id></t_data_input_field_id>
				<data_input_field_id>0</data_input_field_id>
			</hash_08010213ebb33f9cbccfcba828db1075a8167c>
			<hash_08010231399c3725bee7e09ec04049e3d5cd17>
				<t_data_source_name></t_data_source_name>
				<data_source_name>errors_out</data_source_name>
				<t_rrd_minimum></t_rrd_minimum>
				<rrd_minimum>0</rrd_minimum>
				<t_rrd_maximum></t_rrd_maximum>
				<rrd_maximum>10000000</rrd_maximum>
				<t_data_source_type_id></t_data_source_type_id>
				<data_source_type_id>2</data_source_type_id>
				<t_rrd_heartbeat></t_rrd_heartbeat>
				<rrd_heartbeat>600</rrd_heartbeat>
				<t_data_input_field_id></t_data_input_field_id>
				<data_input_field_id>0</data_input_field_id>
			</hash_08010231399c3725bee7e09ec04049e3d5cd17>
		</items>
		<data>
			<item_000>
				<data_input_field_id>hash_07010292f5906c8dc0f964b41f4253df582c38</data_input_field_id>
				<t_value></t_value>
				<value></value>
			</item_000>
			<item_001>
				<data_input_field_id>hash_07010232285d5bf16e56c478f5e83f32cda9ef</data_input_field_id>
				<t_value></t_value>
				<value></value>
			</item_001>
			<item_002>
				<data_input_field_id>hash_070102617cdc8a230615e59f06f361ef6e7728</data_input_field_id>
				<t_value></t_value>
				<value></value>
			</item_002>
			<item_003>
				<data_input_field_id>hash_070102acb449d1451e8a2a655c2c99d31142c7</data_input_field_id>
				<t_value></t_value>
				<value></value>
			</item_003>
			<item_004>
				<data_input_field_id>hash_070102f4facc5e2ca7ebee621f09bc6d9fc792</data_input_field_id>
				<t_value></t_value>
				<value></value>
			</item_004>
			<item_005>
				<data_input_field_id>hash_0701021cc1493a6781af2c478fa4de971531cf</data_input_field_id>
				<t_value></t_value>
				<value></value>
			</item_005>
			<item_006>
				<data_input_field_id>hash_070102b5c23f246559df38662c255f4aa21d6b</data_input_field_id>
				<t_value></t_value>
				<value></value>
			</item_006>
			<item_007>
				<data_input_field_id>hash_0701026027a919c7c7731fbe095b6f53ab127b</data_input_field_id>
				<t_value>on</t_value>
				<value></value>
			</item_007>
			<item_008>
				<data_input_field_id>hash_070102cbbe5c1ddfb264a6e5d509ce1c78c95f</data_input_field_id>
				<t_value>on</t_value>
				<value></value>
			</item_008>
			<item_009>
				<data_input_field_id>hash_070102e6deda7be0f391399c5130e7c4a48b28</data_input_field_id>
				<t_value>on</t_value>
				<value></value>
			</item_009>
			<item_010>
				<data_input_field_id>hash_070102c1f36ee60c3dc98945556d57f26e475b</data_input_field_id>
				<t_value></t_value>
				<value></value>
			</item_010>
		</data>
	</hash_01010236335cd98633963a575b70639cd2fdad>
	<hash_0101026632e1e0b58a565c135d7ff90440c335>
		<name>Interface - Traffic</name>
		<ds>
			<t_name>on</t_name>
			<name>|host_description| - Traffic</name>
			<data_source_path></data_source_path>
			<data_input_id>hash_030102bf566c869ac6443b0c75d1c32b5a350e</data_input_id>
			<t_data_source_profile_id></t_data_source_profile_id>
			<data_source_profile_id>hash_200102d62c52891f4f9688729a5bc9fad91b18</data_source_profile_id>
			<t_rrd_step></t_rrd_step>
			<rrd_step>300</rrd_step>
			<t_active></t_active>
			<active>on</active>
		</ds>
		<items>
			<hash_0801022df25c57022b0c7e7d0be4c035ada1a0>
				<t_data_source_name></t_data_source_name>
				<data_source_name>traffic_in</data_source_name>
				<t_rrd_minimum></t_rrd_minimum>
				<rrd_minimum>0</rrd_minimum>
				<t_rrd_maximum></t_rrd_maximum>
				<rrd_maximum>100000000</rrd_maximum>
				<t_data_source_type_id></t_data_source_type_id>
				<data_source_type_id>2</data_source_type_id>
				<t_rrd_heartbeat></t_rrd_heartbeat>
				<rrd_heartbeat>600</rrd_heartbeat>
				<t_data_input_field_id></t_data_input_field_id>
				<data_input_field_id>0</data_input_field_id>
			</hash_0801022df25c57022b0c7e7d0be4c035ada1a0>
			<hash_080102721c0794526d1ac1c359f27dc56faa49>
				<t_data_source_name></t_data_source_name>
				<data_source_name>traffic_out</data_source_name>
				<t_rrd_minimum></t_rrd_minimum>
				<rrd_minimum>0</rrd_minimum>
				<t_rrd_maximum></t_rrd_maximum>
				<rrd_maximum>100000000</rrd_maximum>
				<t_data_source_type_id></t_data_source_type_id>
				<data_source_type_id>2</data_source_type_id>
				<t_rrd_heartbeat></t_rrd_heartbeat>
				<rrd_heartbeat>600</rrd_heartbeat>
				<t_data_input_field_id></t_data_input_field_id>
				<data_input_field_id>0</data_input_field_id>
			</hash_080102721c0794526d1ac1c359f27dc56faa49>
		</items>
		<data>
			<item_000>
				<data_input_field_id>hash_07010292f5906c8dc0f964b41f4253df582c38</data_input_field_id>
				<t_value></t_value>
				<value></value>
			</item_000>
			<item_001>
				<data_input_field_id>hash_07010232285d5bf16e56c478f5e83f32cda9ef</data_input_field_id>
				<t_value></t_value>
				<value></value>
			</item_001>
			<item_002>
				<data_input_field_id>hash_070102ad14ac90641aed388139f6ba86a2e48b</data_input_field_id>
				<t_value></t_value>
				<value></value>
			</item_002>
			<item_003>
				<data_input_field_id>hash_070102617cdc8a230615e59f06f361ef6e7728</data_input_field_id>
				<t_value></t_value>
				<value></value>
			</item_003>
			<item_004>
				<data_input_field_id>hash_070102acb449d1451e8a2a655c2c99d31142c7</data_input_field_id>
				<t_value></t_value>
				<value></value>
			</item_004>
			<item_005>
				<data_input_field_id>hash_070102f4facc5e2ca7ebee621f09bc6d9fc792</data_input_field_id>
				<t_value></t_value>
				<value></value>
			</item_005>
			<item_006>
				<data_input_field_id>hash_0701021cc1493a6781af2c478fa4de971531cf</data_input_field_id>
				<t_value></t_value>
				<value></value>
			</item_006>
			<item_007>
				<data_input_field_id>hash_070102b5c23f246559df38662c255f4aa21d6b</data_input_field_id>
				<t_value></t_value>
				<value></value>
			</item_007>
			<item_008>
				<data_input_field_id>hash_0701026027a919c7c7731fbe095b6f53ab127b</data_input_field_id>
				<t_value>on</t_value>
				<value></value>
			</item_008>
			<item_009>
				<data_input_field_id>hash_070102cbbe5c1ddfb264a6e5d509ce1c78c95f</data_input_field_id>
				<t_value>on</t_value>
				<value></value>
			</item_009>
			<item_010>
				<data_input_field_id>hash_070102e6deda7be0f391399c5130e7c4a48b28</data_input_field_id>
				<t_value>on</t_value>
				<value></value>
			</item_010>
			<item_011>
				<data_input_field_id>hash_070102c1f36ee60c3dc98945556d57f26e475b</data_input_field_id>
				<t_value></t_value>
				<value></value>
			</item_011>
			<item_012>
				<data_input_field_id>hash_0701022cf7129ad3ff819a7a7ac189bee48ce8</data_input_field_id>
				<t_value></t_value>
				<value></value>
			</item_012>
			<item_013>
				<data_input_field_id>hash_0701026b13ac0a0194e171d241d4b06f913158</data_input_field_id>
				<t_value></t_value>
				<value></value>
			</item_013>
			<item_014>
				<data_input_field_id>hash_0701023a33d4fc65b8329ab2ac46a36da26b72</data_input_field_id>
				<t_value></t_value>
				<value></value>
			</item_014>
		</data>
	</hash_0101026632e1e0b58a565c135d7ff90440c335>
	<hash_0101022f654f7d69ac71a5d56b1db8543ccad3>
		<name>Interface - Unicast Packets</name>
		<ds>
			<t_name>on</t_name>
			<name>|host_description| - Unicast Packets</name>
			<data_source_path></data_source_path>
			<data_input_id>hash_030102bf566c869ac6443b0c75d1c32b5a350e</data_input_id>
			<t_data_source_profile_id></t_data_source_profile_id>
			<data_source_profile_id>hash_200102d62c52891f4f9688729a5bc9fad91b18</data_source_profile_id>
			<t_rrd_step></t_rrd_step>
			<rrd_step>300</rrd_step>
			<t_active></t_active>
			<active>on</active>
		</ds>
		<items>
			<hash_080102636672962b5bb2f31d86985e2ab4bdfe>
				<t_data_source_name></t_data_source_name>
				<data_source_name>unicast_in</data_source_name>
				<t_rrd_minimum></t_rrd_minimum>
				<rrd_minimum>0</rrd_minimum>
				<t_rrd_maximum></t_rrd_maximum>
				<rrd_maximum>1000000000</rrd_maximum>
				<t_data_source_type_id></t_data_source_type_id>
				<data_source_type_id>2</data_source_type_id>
				<t_rrd_heartbeat></t_rrd_heartbeat>
				<rrd_heartbeat>600</rrd_heartbeat>
				<t_data_input_field_id></t_data_input_field_id>
				<data_input_field_id>0</data_input_field_id>
			</hash_080102636672962b5bb2f31d86985e2ab4bdfe>
			<hash_08010218ce92c125a236a190ee9dd948f56268>
				<t_data_source_name></t_data_source_name>
				<data_source_name>unicast_out</data_source_name>
				<t_rrd_minimum></t_rrd_minimum>
				<rrd_minimum>0</rrd_minimum>
				<t_rrd_maximum></t_rrd_maximum>
				<rrd_maximum>1000000000</rrd_maximum>
				<t_data_source_type_id></t_data_source_type_id>
				<data_source_type_id>2</data_source_type_id>
				<t_rrd_heartbeat></t_rrd_heartbeat>
				<rrd_heartbeat>600</rrd_heartbeat>
				<t_data_input_field_id></t_data_input_field_id>
				<data_input_field_id>0</data_input_field_id>
			</hash_08010218ce92c125a236a190ee9dd948f56268>
		</items>
		<data>
			<item_000>
				<data_input_field_id>hash_07010292f5906c8dc0f964b41f4253df582c38</data_input_field_id>
				<t_value></t_value>
				<value></value>
			</item_000>
			<item_001>
				<data_input_field_id>hash_07010232285d5bf16e56c478f5e83f32cda9ef</data_input_field_id>
				<t_value></t_value>
				<value></value>
			</item_001>
			<item_002>
				<data_input_field_id>hash_070102ad14ac90641aed388139f6ba86a2e48b</data_input_field_id>
				<t_value></t_value>
				<value></value>
			</item_002>
			<item_003>
				<data_input_field_id>hash_070102617cdc8a230615e59f06f361ef6e7728</data_input_field_id>
				<t_value></t_value>
				<value></value>
			</item_003>
			<item_004>
				<data_input_field_id>hash_070102acb449d1451e8a2a655c2c99d31142c7</data_input_field_id>
				<t_value></t_value>
				<value></value>
			</item_004>
			<item_005>
				<data_input_field_id>hash_070102f4facc5e2ca7ebee621f09bc6d9fc792</data_input_field_id>
				<t_value></t_value>
				<value></value>
			</item_005>
			<item_006>
				<data_input_field_id>hash_0701021cc1493a6781af2c478fa4de971531cf</data_input_field_id>
				<t_value></t_value>
				<value></value>
			</item_006>
			<item_007>
				<data_input_field_id>hash_070102b5c23f246559df38662c255f4aa21d6b</data_input_field_id>
				<t_value></t_value>
				<value></value>
			</item_007>
			<item_008>
				<data_input_field_id>hash_0701026027a919c7c7731fbe095b6f53ab127b</data_input_field_id>
				<t_value>on</t_value>
				<value></value>
			</item_008>
			<item_009>
				<data_input_field_id>hash_070102cbbe5c1ddfb264a6e5d509ce1c78c95f</data_input_field_id>
				<t_value>on</t_value>
				<value></value>
			</item_009>
			<item_010>
				<data_input_field_id>hash_070102e6deda7be0f391399c5130e7c4a48b28</data_input_field_id>
				<t_value>on</t_value>
				<value></value>
			</item_010>
			<item_011>
				<data_input_field_id>hash_070102c1f36ee60c3dc98945556d57f26e475b</data_input_field_id>
				<t_value></t_value>
				<value></value>
			</item_011>
		</data>
	</hash_0101022f654f7d69ac71a5d56b1db8543ccad3>
	<hash_200102d62c52891f4f9688729a5bc9fad91b18>
		<name>5 Minute Collection</name>
		<step>300</step>
		<heartbeat>600</heartbeat>
		<x_files_factor>0.5</x_files_factor>
		<default>on</default>
		<cf_items>1|2|3|4</cf_items>
		<items>
			<item_000>
				<name>Daily (5 Minute Average)</name>
				<steps>1</steps>
				<rows>600</rows>
				<timespan>86400</timespan>
			</item_000>
			<item_001>
				<name>Weekly (30 Minute Average)</name>
				<steps>6</steps>
				<rows>700</rows>
				<timespan>604800</timespan>
			</item_001>
			<item_002>
				<name>Monthly (2 Hour Average)</name>
				<steps>24</steps>
				<rows>775</rows>
				<timespan>2618784</timespan>
			</item_002>
			<item_003>
				<name>Yearly (1 Day Average)</name>
				<steps>288</steps>
				<rows>797</rows>
				<timespan>31536000</timespan>
			</item_003>
		</items>
	</hash_200102d62c52891f4f9688729a5bc9fad91b18>
	<hash_060102e9c43831e54eca8069317a2ce8c6f751>
		<name>Normal</name>
		<gprint_text>%8.2lf %s</gprint_text>
	</hash_060102e9c43831e54eca8069317a2ce8c6f751>
	<hash_05010273f95f8b77b5508157d64047342c421e>
		<name>Turn Bytes into Bits</name>
		<items>
			<hash_1401029bbf6b792507bb9bb17d2af0970f9be9>
				<sequence>1</sequence>
				<type>4</type>
				<value>CURRENT_DATA_SOURCE</value>
			</hash_1401029bbf6b792507bb9bb17d2af0970f9be9>
			<hash_140102a4b8eb2c3bf4920a3ef571a7a004be53>
				<sequence>2</sequence>
				<type>6</type>
				<value>8</value>
			</hash_140102a4b8eb2c3bf4920a3ef571a7a004be53>
			<hash_140102caa4e023ac2d7b1c4b4c8c4adfd55dfe>
				<sequence>3</sequence>
				<type>2</type>
				<value>3</value>
			</hash_140102caa4e023ac2d7b1c4b4c8c4adfd55dfe>
		</items>
	</hash_05010273f95f8b77b5508157d64047342c421e>
</cacti>