<interface>
	<name>Get CDATA ONT Interfaces</name>
	<description>Queries a CDATA ONT for a list of monitorable interface values</description>
	<index_order>ifIndex</index_order>

	<index_order_type>alphanumeric</index_order_type>

	<oid_index>.1.3.6.1.4.1.17409.2.8.4.1.1.2</oid_index>
	<oid_index_parse>OID/REGEXP:^.*\.([0-9]+)$</oid_index_parse>
	<index_title_format>|chosen_order_field|</index_title_format>

	<fields>


		<ifIndex>
			<name>Index</name>
			<method>walk</method>
			<source>OID/REGEXP:^.*\.([0-9]+)$</source>
			<direction>input</direction>
			<oid>.1.3.6.1.4.1.17409.2.8.4.1.1.2</oid>
		</ifIndex>

		<ifDescr>
			<name>Desc</name>
			<method>walk</method>
			<output_format>ascii</output_format>
			<source>value</source>
			<direction>input</direction>
			<oid>.1.3.6.1.4.1.17409.2.8.4.1.1.2</oid>
		</ifDescr>
		<ifOperStatus>
			<name>Status</name>
			<method>walk</method>
			<source>VALUE/REGEXP:[a-zA-Z]{1,}\(([1-]{1})+\)$</source>
			<direction>input-output</direction>
			<oid>.1.3.6.1.4.1.17409.2.8.4.1.1.7</oid>
		</ifOperStatus>
		<ifHwAddr>
			<name>Hardware Address</name>
			<method>walk</method>
			<output_format>hex</output_format>
			<source>value</source>
			<direction>input</direction>
			<oid>.1.3.6.1.4.1.17409.2.8.4.1.1.3</oid>
		</ifHwAddr>

		<ifHwmeters>
			<name>Distanta (m)</name>
			<method>walk</method>
			<output_format>hex</output_format>
			<source>value</source>
			<direction>input</direction>
			<oid>1.3.6.1.4.1.17409.2.8.4.1.1.9</oid>
		</ifHwmeters>
		


		<ifInOctetsIPv4>
			<name>ONT Bytes In - 64-bit Counters</name>
			<method>walk</method>
			<source>value</source>
			<direction>output</direction>
			<oid>.1.3.6.1.4.1.34592.1.3.100.12.7.1.5</oid>
		</ifInOctetsIPv4>
		<ifOutOctetsIPv4>
			<name>ONT Bytes Out - 64-bit Counters</name>
			<method>walk</method>
			<source>value</source>
			<direction>output</direction>
			<oid>.1.3.6.1.4.1.34592.1.3.100.12.7.1.4</oid>
		</ifOutOctetsIPv4>
		<ifInUcastPkts>
			<name>ONT Unicast Packets In</name>
			<method>walk</method>
			<source>value</source>
			<direction>output</direction>
			<oid>.1.3.6.1.4.1.17409.2.8.10.6.1.1</oid>
		</ifInUcastPkts>
		<ifOutUcastPkts>
			<name>ONT Unicast Packets Out</name>
			<method>walk</method>
			<source>value</source>
			<direction>output</direction>
			<oid>.1.3.6.1.4.1.17409.2.8.10.6.1.1</oid>
		</ifOutUcastPkts>
		<ifInDiscards>
			<name>ONT Discarded Packets In</name>
			<method>walk</method>
			<source>value</source>
			<direction>output</direction>
			<oid>1.3.6.1.4.1.17409.2.8.10.6.1.7</oid>
		</ifInDiscards>
		<ifOutDiscards>
			<name>ONT Discarded Packets Out</name>
			<method>walk</method>
			<source>value</source>
			<direction>output</direction>
			<oid>1.3.6.1.4.1.17409.2.8.10.6.1.8</oid>
		</ifOutDiscards>
		
	</fields>
</interface>
